noFID,lokasi,jenisHewan,jenisKelamin,jenisBreed,warna
7292484417,Pilar,"Stork, yellow-billed",Female,Comanche,Purple
3360111729,Garnich,"Loris, slender",Male,Alaskan Athabascan,Violet
8011764268,L'Île-Perrot,Grey fox,Female,Polynesian,Indigo
1423451953,Līvāni,Japanese macaque,Male,Dominican (Dominican Republic),Teal
3670332014,Rybczewice,Canadian tiger swallowtail butterfly,Female,Mexican,Red
1550192426,Las Tejeras,Defassa waterbuck,Male,Pakistani,Orange
1012346188,Askim,"Rhinoceros, white",Female,Yaqui,Blue
3462369954,Maji,"Peccary, white-lipped",Male,Vietnamese,Fuscia
0709562594,Strančice,Southern elephant seal,Male,Bangladeshi,Khaki
1872219020,Shangtang,"Bandicoot, long-nosed",Female,Native Hawaiian,Orange
1642180386,Shiojiri,"Squirrel, golden-mantled ground",Male,Fijian,Goldenrod
6621407807,Gareba,Egyptian cobra,Female,Asian,Maroon
9069239051,Örebro,Lesser mouse lemur,Female,Delaware,Maroon
5718825548,Novi Itebej,"Cow, scottish highland",Male,Colville,Teal
5849420177,Putina,"Otter, small-clawed",Female,Ottawa,Crimson
5517240984,Châtillon,"Tortoise, indian star",Female,Honduran,Yellow
7799723696,Sanfang,Neotropic cormorant,Female,Venezuelan,Aquamarine
1744109710,Tecpán Guatemala,"Mongoose, small indian",Male,Ute,Mauv
3400061867,Batken,"Heron, grey",Female,Crow,Khaki
1792646623,Canga’an,"Snake, tiger",Male,Osage,Teal
2303318483,Sancha,Grey-footed squirrel,Male,Filipino,Orange
5269403897,Wasquehal,House crow,Male,Black or African American,Goldenrod
1285654897,Parang,King vulture,Male,American Indian,Red
9740049818,Lagoaça,Asian water dragon,Female,Houma,Aquamarine
7117273887,Guantian,"Toucan, white-throated",Male,Tongan,Blue
7191135735,Buyende,Civet (unidentified),Female,Asian Indian,Mauv
0462696634,Bicurga,"Kangaroo, eastern grey",Female,Native Hawaiian and Other Pacific Islander (NHPI),Maroon
9879290984,Lameira,"Macaque, rhesus",Male,Cuban,Blue
5944441852,Strängnäs,"Vulture, king",Male,Yakama,Orange
7102329067,Daba,"Eagle, pallas's fish",Male,Potawatomi,Red
7864892159,Girihieum,"Goose, canada",Male,Argentinian,Green
2350046583,Nicoya,Grant's gazelle,Female,Peruvian,Mauv
0680736905,Tianshan,White-browed sparrow weaver,Male,Chinese,Crimson
9176944859,Ferraz de Vasconcelos,"Wallaby, river",Male,Tongan,Maroon
3292645646,Lue Amnat,Galah,Male,Costa Rican,Orange
8728063392,Czarna,"Marten, american",Female,Tongan,Mauv
1479778850,Jiangpu,"Alligator, mississippi",Female,Yuman,Blue
2005997323,Tambovka,"Loris, slender",Female,Yaqui,Maroon
8381566525,Garnich,Collared lizard,Female,Lumbee,Violet
7798634614,Yu’erhong,Yellow-necked spurfowl,Male,Fijian,Indigo
1141426374,San Enrique,"Whale, long-finned pilot",Female,Osage,Orange
2365568890,Uglegorsk,Water moccasin,Female,Bolivian,Red
7149186432,Kadudampit,Ferruginous hawk,Male,Crow,Turquoise
9176030679,Makoua,"Boa, mexican",Male,Asian Indian,Mauv
1743282214,Los Pinos,"Rattlesnake, horned",Male,Sri Lankan,Purple
9103668002,Forshaga,Sea birds (unidentified),Male,Tlingit-Haida,Teal
4161911351,Zhangjia,"Bird, pied butcher",Female,Bolivian,Violet
7349859163,Binuangeun,"Kangaroo, jungle",Male,Laotian,Red
3648986295,Jebba,Topi,Female,Mexican,Crimson
2488430803,Sibulan,Royal tern,Female,Native Hawaiian and Other Pacific Islander (NHPI),Blue
0038535157,Qihama,Great kiskadee,Male,Puget Sound Salish,Fuscia
7629458789,Negombo,Turkey vulture,Female,Taiwanese,Green
8130481235,Retreat,Bennett's wallaby,Female,Venezuelan,Yellow
4412464253,Huangduobu,White-fronted bee-eater,Female,Alaskan Athabascan,Pink
1398020052,East London,"Sparrow, rufous-collared",Male,Alaska Native,Crimson
2361923203,Boissevain,Woodchuck,Female,Dominican (Dominican Republic),Turquoise
2817976371,Sibulan,"Rhinoceros, square-lipped",Female,Cherokee,Red
3294795556,Darpas,Jabiru stork,Male,Colombian,Purple
3816325491,Cheongsong gun,North American river otter,Male,Latin American Indian,Mauv
0568243986,Al Jahrā’,Pied cormorant,Male,Puget Sound Salish,Goldenrod
1293865451,Changjiang,"Baboon, olive",Male,Yaqui,Yellow
6160374745,Wanquan,Silver-backed fox,Male,Vietnamese,Indigo
2577708084,Valmiera,"Waxbill, black-cheeked",Male,Eskimo,Orange
5709294586,Kongsvinger,"Stork, jabiru",Female,Asian,Red
6025969507,Hanfeng,South American puma,Female,Choctaw,Orange
5358607692,Chengjiang,"Alligator, american",Female,Choctaw,Goldenrod
7300602460,Sawankhalok,"Lion, california sea",Female,Paiute,Goldenrod
3848308983,Johor Bahru,Ocelot,Female,Salvadoran,Teal
3888565448,Thị Trấn Thanh Lưu,Indian red admiral,Male,Taiwanese,Maroon
4871230821,Monte-Carlo,"Sloth, two-toed tree",Male,Samoan,Mauv
7039373556,Wilamowice,"Lemur, ring-tailed",Male,Paraguayan,Blue
9827003658,Autun,"Coatimundi, ring-tailed",Male,South American,Red
3527793550,Pisarzowice,Python (unidentified),Female,Central American,Crimson
6796431731,Dallas,"Pheasant, common",Female,Filipino,Fuscia
7993269334,Saguday,Red-winged blackbird,Female,Dominican (Dominican Republic),Violet
0338172351,Michałów,Long-tailed jaeger,Female,Sioux,Orange
1983352578,Ayang-ni,"Langur, gray",Female,Alaska Native,Yellow
7883619470,Zhutuo,"Butterfly, canadian tiger swallowtail",Male,Mexican,Crimson
1669591638,Täby,Yellow mongoose,Female,Seminole,Crimson
8252724213,Şānūr,Wattled crane,Female,Ecuadorian,Violet
8274558545,Xinglong,"Fox, cape",Male,Puget Sound Salish,Orange
7385412017,Nîmes,Flightless cormorant,Male,Pueblo,Maroon
4214739477,Oslo,"Heron, goliath",Male,Argentinian,Aquamarine
9572035592,Magole,"Corella, long-billed",Female,Navajo,Indigo
1486699723,Vinsady,Tayra,Female,Laotian,Khaki
5041904642,Paris 14,Green heron,Male,Laotian,Yellow
0901955639,Marapat,Fairy penguin,Male,Chickasaw,Maroon
5300723088,Karasuk,Pied kingfisher,Male,Uruguayan,Goldenrod
9007311638,Pasirlimus,"Cobra, egyptian",Male,South American,Aquamarine
0854039732,Kamenjane,Peregrine falcon,Male,Paiute,Orange
9110361359,Ciganaria,"Squirrel, european red",Female,Samoan,Goldenrod
8326822353,Evinayong,Common raccoon,Male,Taiwanese,Puce
9143493963,Guajiasi,"Racer, blue",Male,Asian Indian,Turquoise
6279041336,Vidin,"Zorro, azara's",Female,Apache,Red
9991799699,Solna,Common langur,Male,Pueblo,Puce
4995786767,Grytviken,Sidewinder,Female,Shoshone,Yellow
7910174608,Mayskiy,Chameleon (unidentified),Male,American Indian and Alaska Native (AIAN),Khaki
6010538025,Diffa,Griffon vulture,Male,Chippewa,Blue
7586740828,Prince Rupert,Common seal,Male,Nicaraguan,Violet
9855087771,Troitskiy,"Devil, tasmanian",Male,Puget Sound Salish,Aquamarine
8652918961,Mogotes,Great white pelican,Female,Spaniard,Blue
8507843603,Roma,"Rat, white-faced tree",Male,Black or African American,Fuscia
9051883749,Privlaka,"Snake, green vine",Female,Creek,Orange
6334242911,Meziměstí,Egyptian vulture,Male,Guatemalan,Yellow
1754882641,Cavaillon,"Dolphin, striped",Female,Filipino,Crimson
1672008433,Rakhmanovo,Blue peacock,Female,Mexican,Blue
9794311278,Richmond,"Cormorant, great",Female,Alaskan Athabascan,Aquamarine
5570504036,Tagana-an,Burrowing owl,Male,Asian,Fuscia
2019074079,Guzhan,Grant's gazelle,Female,Chippewa,Aquamarine
1169152813,Itambé,"Parakeet, rose-ringed",Male,Latin American Indian,Violet
4579630068,Rio Branco do Sul,"Dolphin, bottle-nose",Male,Guatemalan,Violet
9693726952,Rosario,Red-shouldered glossy starling,Male,Bolivian,Indigo
0894655868,Além do Rio,"Beaver, north american",Male,Venezuelan,Aquamarine
2293162338,Kovači,Asian lion,Female,Chinese,Puce
1901198871,Hezhang,Field flicker,Male,Malaysian,Blue
2141211077,Wenchi,Black-throated butcher bird,Female,Tohono O'Odham,Blue
7279311164,Matahuasi,Southern right whale,Female,Seminole,Yellow
8844147610,Topeka,"Bird, magnificent frigate",Male,Asian,Green
7895323032,Yajiwa,"Monkey, vervet",Female,Ute,Blue
2269066286,Gaolong,"Hedgehog, south african",Female,Cuban,Aquamarine
4970495408,Tulsa,"Hoopoe, eurasian",Male,Ecuadorian,Maroon
8976467663,Zhuji,"Dragon, asian water",Male,Chamorro,Fuscia
9813027126,Odoyev,"Squirrel, european red",Male,Pueblo,Purple
3501169094,Samburat,"Bird, pied butcher",Male,American Indian and Alaska Native (AIAN),Indigo
6229174448,Jinjing,Butterfly (unidentified),Male,Korean,Pink
7380808958,Otun,Butterfly (unidentified),Female,Pima,Aquamarine
7649067769,Chaowai,"Shelduck, common",Male,Peruvian,Indigo
5194340397,Leye,Red-tailed cockatoo,Male,Chamorro,Khaki
5919610328,Sernovodsk,Tailless tenrec,Male,Osage,Khaki
5158434816,Al Jawf,"Siskin, pine",Male,Uruguayan,Red
4437976932,Nobo,Malabar squirrel,Male,Thai,Mauv
6597722795,Erandique,"Spider, wolf",Male,Colville,Green
1568588593,Armação,"Crocodile, nile",Male,Chinese,Khaki
6895143777,Columbus,Collared lemming,Female,Yakama,Violet
7566490362,Sandakan,Black-tailed deer,Female,Pueblo,Mauv
0640655041,Blawi,"Kangaroo, red",Female,Panamanian,Crimson
2458523404,Michałowo,"Vulture, egyptian",Male,Yuman,Pink
8597520876,Khōshāmand,"Monkey, rhesus",Male,Venezuelan,Violet
4738267957,Novokuz’minki,"Heron, yellow-crowned night",Female,Vietnamese,Violet
3650646048,Mufulira,"Bear, polar",Male,Alaska Native,Puce
5605601318,Zamostochcha,"Vulture, turkey",Female,Ecuadorian,Blue
1891684558,Shanhou,"Duck, blue",Female,Asian Indian,Khaki
8413200229,Kandahār,"Mongoose, banded",Female,Tlingit-Haida,Teal
3731914581,Pinsk,Yellow-crowned night heron,Male,Central American,Purple
7614652843,Koronowo,Lesser masked weaver,Female,Cherokee,Fuscia
4536453202,Kongsvinger,"Wallaby, bennett's",Female,American Indian and Alaska Native (AIAN),Blue
1820527409,Sangmélima,Black-crowned night heron,Male,Thai,Fuscia
3655269005,Faīẕābād,"Wildebeest, blue",Female,Native Hawaiian and Other Pacific Islander (NHPI),Goldenrod
8509882495,Raleigh,"Beaver, eurasian",Female,Peruvian,Indigo
3164511302,Talangbetutu,"Woodpecker, downy",Male,Houma,Indigo
8829130176,Al Ḩīlah,White stork,Female,Paraguayan,Mauv
8713017543,Shumikha,Egyptian viper,Male,Cheyenne,Aquamarine
2985583454,Olympia,Moose,Male,Chickasaw,Red
8498947839,Tame,Asian elephant,Female,Black or African American,Puce
3393957279,Andorinha,"Crow, house",Male,Cheyenne,Red
4325224823,Grojec,Hummingbird (unidentified),Female,Cambodian,Khaki
1019532173,Tibakisa,"Squirrel, red",Female,Alaskan Athabascan,Khaki
8888426655,Chuncheng,Black-tailed deer,Male,Panamanian,Purple
5532404097,Xinji,Red-winged hawk (unidentified),Male,Kiowa,Pink
7455765002,Khrystynivka,"Macaque, bonnet",Male,Tlingit-Haida,Red
3811784765,Ubinskoye,"Iguana, land",Female,Salvadoran,Violet
5846476236,Nykarleby,Indian star tortoise,Male,Vietnamese,Goldenrod
5679140438,Detroit,Jaguarundi,Male,Menominee,Blue
2074717520,Rogów,"Tortoise, burmese brown mountain",Male,Native Hawaiian and Other Pacific Islander (NHPI),Blue
6376517277,Tumpukrenteng,Brolga crane,Male,Native Hawaiian and Other Pacific Islander (NHPI),Indigo
3968528786,Miami,"Capuchin, weeper",Male,Samoan,Blue
0086254243,Nogueira da Regedoura,Australian masked owl,Female,Uruguayan,Indigo
3006039971,Kadugede,"Heron, yellow-crowned night",Female,Chinese,Aquamarine
4538277924,Wola Rębkowska,"Rhea, greater",Female,Sioux,Maroon
5584629073,Fengjiang,"Mongoose, banded",Male,Polynesian,Green
2304008968,Åkersberga,Eastern cottontail rabbit,Female,Cherokee,Turquoise
9046743101,Yangxiang,"Vulture, turkey",Female,Yakama,Pink
0601103696,Vysokogornyy,"Cat, ringtail",Female,Delaware,Khaki
1310833494,Laoshawan,"Turkey, common",Male,Ute,Orange
7129561556,Jezerce,"Lemur, grey mouse",Female,Native Hawaiian and Other Pacific Islander (NHPI),Maroon
5300881295,Menggala,"Cat, tiger",Female,Crow,Indigo
0983869537,Krajan,"Wallaby, dama",Female,Cuban,Crimson
6621441843,Corga,Roe deer,Female,Chinese,Blue
6403331736,Lajeosa do Mondego,"Cormorant, little",Male,Cambodian,Khaki
4082568301,Nato,Sloth bear,Male,Peruvian,Aquamarine
4377495763,Téra,"Booby, blue-footed",Female,Cherokee,Red
4275432711,Xipi,Banded mongoose,Male,Latin American Indian,Orange
0123054958,Grytviken,Whip-tailed wallaby,Male,Guatemalan,Purple
7887637562,Maanas,Superb starling,Female,Mexican,Green
3930589524,Natu,"Wallaby, tammar",Male,Argentinian,Green
8140408107,Fāqūs,"Lion, southern sea",Female,Bangladeshi,Pink
7892299653,Pustá Polom,"Devil, tasmanian",Male,Colville,Maroon
8039847966,Floriano,Sloth bear,Female,Polynesian,Maroon
2124510975,Puerto Natales,Cape starling,Female,Paiute,Yellow
2433025354,Västerås,Bee-eater (unidentified),Male,Tohono O'Odham,Yellow
1538208555,Jiufeng,"Shrike, southern white-crowned",Female,Chamorro,Aquamarine
6980469339,Baitao,Klipspringer,Male,Filipino,Maroon
7180765252,Arţās,"Lion, steller's sea",Male,Micronesian,Maroon
6924523641,Beaufort West,"Bird, magnificent frigate",Male,Paiute,Purple
0198182783,Puerto Cabezas,"Lizard, goanna",Male,Asian,Orange
2900211484,Juan L. Lacaze,Malay squirrel (unidentified),Male,Creek,Purple
9855912713,Lysogorskaya,Bennett's wallaby,Female,Cambodian,Puce
3970815975,Chilecito,Agouti,Male,Central American,Crimson
3968785975,Zielona Góra,"Tortoise, radiated",Male,Sri Lankan,Puce
1257937146,Hongshanyao,Southern ground hornbill,Female,Yuman,Indigo
0643557423,Central,African polecat,Male,White,Aquamarine
0008812721,Tékane,Black-necked stork,Female,Polynesian,Maroon
9651666005,Ōmiya,Western bearded dragon,Male,Iroquois,Purple
0553813455,Huancapi,Desert kangaroo rat,Male,Tongan,Blue
2134018658,Pryazovs’ke,Cormorant (unidentified),Male,Micronesian,Pink
6801426974,Río Ceballos,Caribou,Male,Indonesian,Violet
2384574671,Intibucá,"Camel, dromedary",Male,Delaware,Violet
0066036666,Tauca,Huron,Female,Aleut,Blue
1840586761,Sanjiangkou,Common pheasant,Male,Chickasaw,Puce
0822359219,Usa River,"Raccoon, crab-eating",Male,Salvadoran,Crimson
7446155566,Milltown,Sage grouse,Female,Chamorro,Red
6745153823,Hengqiao,Curve-billed thrasher,Male,Tohono O'Odham,Crimson
4207839852,Wiphawadi,Richardson's ground squirrel,Female,Puget Sound Salish,Turquoise
5242613203,Tunzhai,Pine snake (unidentified),Male,Crow,Indigo
4890130586,Rengo,Nelson ground squirrel,Male,Iroquois,Crimson
6382421936,Vargem Grande do Sul,Small-toothed palm civet,Male,Salvadoran,Green
0269456872,Sharjah,Radiated tortoise,Female,Ute,Yellow
8725302868,Miura,"Stilt, black-winged",Male,Native Hawaiian and Other Pacific Islander (NHPI),Pink
2128964989,Blumenau,Brown brocket,Male,Cree,Fuscia
7473581465,Sarrat,"Capuchin, white-fronted",Male,Paiute,Purple
1738538532,Simeykyne,Mountain duck,Female,Apache,Green
6208922100,Bamako,"Heron, grey",Male,Hmong,Violet
8156137485,Gunungmalang Satu,Cape wild cat,Male,Chippewa,Mauv
3762679096,Świnice Warckie,Brush-tailed rat kangaroo,Female,Melanesian,Maroon
7348495044,Santa Cruz de Yojoa,"Brocket, brown",Male,Cambodian,Indigo
3036873147,Caraballeda,"Gecko, bent-toed",Male,Central American,Turquoise
4532562988,Ben Arous,"Grenadier, purple",Female,Native Hawaiian,Orange
0085623962,Krajan Dukuhseti,"Squirrel, grey-footed",Male,Yakama,Aquamarine
0563227656,Xiaolong,Snowy owl,Male,Spaniard,Yellow
0726226920,Barvinkove,"Goose, knob-nosed",Female,Laotian,Khaki
3460930985,Dāngām,"Heron, little",Male,Eskimo,Khaki
9758639838,Tanjung Palas,"Dragon, western bearded",Female,Asian Indian,Puce
4560896240,Xinghuo,"Rabbit, eastern cottontail",Male,Alaska Native,Khaki
5232347683,Kotakaya Dua,Peregrine falcon,Female,Seminole,Turquoise
8202536138,Kampot,"Raven, cape",Female,Filipino,Indigo
9278338168,Tukan,"Heron, gray",Male,Spaniard,Teal
7461659995,Jiayuguan,Malabar squirrel,Male,Thai,Red
2117230318,Grevená,Asian elephant,Female,American Indian,Blue
6200116784,Sindou,Blue racer,Male,Cherokee,Mauv
6517464964,El Cantón de San Pablo,"Eagle, white-bellied sea",Female,Chickasaw,Green
4912945390,Morelos,Galah,Female,White,Puce
0249586665,Chor,Ovenbird,Female,Ecuadorian,Fuscia
9189501942,Subkowy,"Jackal, golden",Female,Sioux,Goldenrod
1571322469,Kamennyye Potoki,"Squirrel, grey-footed",Male,Malaysian,Blue
0908238681,Mukařov,"Echidna, short-beaked",Male,Latin American Indian,Aquamarine
0349987920,Balekambang,Long-billed corella,Male,Native Hawaiian,Aquamarine
8396844038,Wujing,Chameleon (unidentified),Male,Asian Indian,Maroon
6480405536,Petropavlovsk,Scaly-breasted lorikeet,Male,Creek,Maroon
9881253802,Węgrzce Wielkie,Black spider monkey,Male,Guamanian,Fuscia
8724015733,Taltal,Oribi,Male,Cheyenne,Turquoise
8748885185,Trawniki,"Moorhen, purple",Female,Delaware,Pink
0508225779,Uyo,"Glider, sugar",Male,Laotian,Aquamarine
8721533172,Jinping,American black bear,Male,Alaskan Athabascan,Teal
9830020142,Mizur,Jaguarundi,Male,Ute,Pink
6284103107,Thị Trấn Mường Khến,"Fox, arctic",Male,Venezuelan,Blue
2640215671,Phu Luang,Green-winged macaw,Male,Delaware,Red
3722154472,Yuchi,Mountain duck,Male,Polynesian,Violet
9405664557,Malasugui,Carmine bee-eater,Male,Peruvian,Turquoise
9284452309,Nuoxizhi,"Kudu, greater",Male,Colombian,Indigo
7392667319,Champigny-sur-Marne,Black-necked stork,Female,Polynesian,Violet
1219037435,Fengcheng,"Deer, mule",Male,Pueblo,Green
8683777391,Casal de Cambra,Nile crocodile,Female,Tongan,Khaki
1761365436,Jiangwakou,"Squirrel, red",Female,Bangladeshi,Goldenrod
8087631501,Bouzov,Dusky gull,Female,Japanese,Violet
3290108929,Hayan Hudong,"Duiker, common",Male,Asian Indian,Red
5770042702,Kopen,Red-cheeked cordon bleu,Male,Aleut,Puce
5346623000,Petit Valley,"Lark, horned",Female,Peruvian,Fuscia
0938229125,Saratov,Common green iguana,Male,Melanesian,Teal
0042536715,Mushie,North American red fox,Male,Asian Indian,Crimson
1677383259,Longtou’an,Black-tailed deer,Male,Fijian,Violet
8641025626,Jambesari,"Cardinal, black-throated",Female,Hmong,Purple
3452963799,Sishilichengzi,Yellow mongoose,Female,Apache,Mauv
9840515276,Granada,Native cat,Male,Delaware,Yellow
6606873282,Kamiichi,Llama,Female,Chippewa,Orange
9235478553,Lagawe,"Jackal, indian",Female,Bolivian,Maroon
3313055583,Jetis,Bare-faced go away bird,Male,Eskimo,Green
1477805990,Lao Suea Kok,"Bettong, brush-tailed",Female,Paiute,Fuscia
8806983253,Nggambel,Western lowland gorilla,Female,Asian Indian,Green
4107862917,Asopós,"Chipmunk, least",Female,Shoshone,Crimson
6600441046,Marseille,"Crane, blue",Male,Ecuadorian,Indigo
4531015487,Unidad,"Kookaburra, laughing",Female,American Indian and Alaska Native (AIAN),Goldenrod
5610222931,Strawberry Hills,Arctic fox,Female,Chilean,Blue
2850237272,Atambua,Sockeye salmon,Female,Aleut,Puce
9445353900,Sukonolo Krajan,Southern sea lion,Female,Delaware,Khaki
9864963546,Somita,"Macaw, blue and yellow",Female,Bolivian,Red
2205804405,El Puente,"Cockatoo, red-breasted",Female,Malaysian,Puce
8481889415,Daliu,European wild cat,Male,Hmong,Goldenrod
6747803469,Ấp Tân Ngãi,Black rhinoceros,Female,Guamanian,Green
9330090141,Bileća,"Squirrel, antelope ground",Female,Salvadoran,Indigo
7263251272,San Miguel,Butterfly (unidentified),Female,Choctaw,Indigo
9938626696,Gorbatov,Blue and yellow macaw,Female,Cambodian,Indigo
8469564129,Larap,Gerenuk,Male,Sioux,Fuscia
0878032304,Guancheng,Great skua,Female,Pima,Fuscia
0705245969,Sidu,Royal tern,Male,Argentinian,Goldenrod
8677919457,Kuštilj,"Sungazer, yellow-brown",Female,Cuban,Maroon
6679061415,Susuman,"Gorilla, western lowland",Male,Vietnamese,Green
3656509670,Banikoara,Southern boubou,Male,Pima,Green
7597353774,Töysä,"Lizard, collared",Male,Lumbee,Goldenrod
4444905514,Xinbao,Golden brush-tailed possum,Female,Chinese,Puce
9115618056,Charlottetown,"Bird, magnificent frigate",Male,Guamanian,Aquamarine
1724718479,Shiqiao,"Zebra, plains",Male,Taiwanese,Mauv
8917672361,Uppsala,"Spoonbill, white",Male,Yuman,Pink
8106310043,Bosanski Šamac,Red-capped cardinal,Male,Indonesian,Goldenrod
1063510481,Chitré,"Booby, blue-faced",Male,Tongan,Purple
7820290714,Severoural’sk,Kongoni,Female,Polynesian,Aquamarine
2808667795,Junyang,Indian red admiral,Female,Argentinian,Puce
5783503819,Roissy Charles-de-Gaulle,Eastern cottontail rabbit,Male,Vietnamese,Maroon
0964036576,Boyarka,"Vulture, turkey",Male,Native Hawaiian,Puce
5642458981,Mikun’,Wood pigeon,Female,Spaniard,Teal
0863861105,Chinandega,Greater rhea,Male,Uruguayan,Orange
4357064341,Bang Bua Thong,Australian brush turkey,Male,Colville,Goldenrod
6960395623,Velyka Pysarivka,"Ringtail, common",Female,Yaqui,Red
2476404144,Xindian,Llama,Female,Guamanian,Yellow
6997175759,Keluke,Madagascar fruit bat,Male,Creek,Pink
9958361760,La Unión,"Roller, lilac-breasted",Female,Osage,Purple
5367798004,Nabeul,"Lion, australian sea",Female,Aleut,Aquamarine
5310858458,Xigangzi,Water moccasin,Male,Laotian,Orange
9602495464,Oslo,"Stork, black-necked",Female,Nicaraguan,Red
2307037640,Kembang,"Swan, trumpeter",Male,Argentinian,Crimson
6661492090,Osasco,Indian red admiral,Male,Hmong,Maroon
6440016652,Puerto San José,Red meerkat,Male,Pima,Maroon
0172928540,Panguruan,Suricate,Male,Korean,Pink
1029083452,Ambatolampy,"Rat, desert kangaroo",Male,Melanesian,Pink
5426499802,Radviliskis,"Ox, musk",Male,Pakistani,Pink
8488373449,Minzheng,Smith's bush squirrel,Female,Bolivian,Goldenrod
5688847336,Saint-Denis,Bush dog,Male,Honduran,Fuscia
3079684443,Yazman,Black-backed jackal,Female,Puget Sound Salish,Pink
8710399437,Arbeláez,"Cormorant, king",Male,Peruvian,Turquoise
7624034565,Campina Grande,"Eagle, crowned",Male,Hmong,Fuscia
1511443723,Yongtai,Grey fox,Female,Menominee,Crimson
7480114710,Burqah,White-browed owl,Male,Colombian,Red
2080052616,El Cardo,"Swan, trumpeter",Male,Cambodian,Puce
4369355168,Bungur,Black-tailed prairie dog,Female,American Indian and Alaska Native (AIAN),Mauv
8993839018,Hino,"Hedgehog, south african",Female,Black or African American,Fuscia
8172159641,Lisovi Sorochyntsi,"Bear, polar",Female,Chamorro,Green
9206334956,Cerkvenjak,Urial,Female,Cheyenne,Blue
1786464284,Mangas,"Dove, ring",Male,Polynesian,Teal
5358310339,Longshe,"Bear, sloth",Female,Laotian,Khaki
3863084098,Mene de Mauroa,Crab-eating raccoon,Female,Potawatomi,Maroon
7742326744,Pilar,"Cobra, egyptian",Female,Asian Indian,Blue
0649859375,Carapicuíba,African buffalo,Female,Thai,Violet
6816253809,Anjie,"Penguin, magellanic",Female,Taiwanese,Yellow
4888253145,Omu Aran,Gray heron,Female,Japanese,Orange
1862978808,Gandrungmangu,"Godwit, hudsonian",Male,Argentinian,Crimson
7071463093,Madīnat ash Shamāl,Greater rhea,Female,Delaware,Indigo
7009553823,Diên Khánh,Barasingha deer,Female,Blackfeet,Red
1742317421,Levallois-Perret,South American puma,Male,Iroquois,Indigo
6870504059,Xiyang,Bird (unidentified),Male,Micronesian,Goldenrod
2816137910,Vlissingen,"Phascogale, brush-tailed",Male,Cheyenne,Aquamarine
2137987260,Kham Sakae Saeng,"Ox, musk",Male,Potawatomi,Blue
8057268336,Fengshuling,Mexican beaded lizard,Female,Honduran,Orange
6685928387,Kahabe,Red-necked phalarope,Male,Bolivian,Crimson
8630925485,Zhangdan,White-tailed deer,Female,Chinese,Red
9139413624,Potiskum,Azara's zorro,Male,Korean,Pink
9242858978,Nanpu,Lesser mouse lemur,Female,Menominee,Turquoise
5333201404,Rimouski,Salmon pink bird eater tarantula,Male,Black or African American,Yellow
3705298925,Ciladaeun,"Flicker, field",Male,Malaysian,Aquamarine
1324823186,Disina,South African hedgehog,Male,Pima,Yellow
7983175965,Sernancelhe,"Buffalo, african",Female,Iroquois,Blue
1460766512,Peuara,"White-eye, pale",Female,Chamorro,Fuscia
7567061902,Valado dos Frades,Leopard,Female,Choctaw,Red
1658753437,Sérvia,"Eagle, pallas's fish",Male,Vietnamese,Indigo
9705905770,Salvacion,Giant anteater,Female,Guatemalan,Turquoise
2404136380,Jiaoyuan,Pied butcher bird,Male,Cuban,Indigo
9840748041,La Calera,Antelope ground squirrel,Female,Eskimo,Pink
7497920383,Guaimaca,"Ibis, puna",Male,Tongan,Crimson
4808149966,Uničov,Nyala,Male,Central American,Aquamarine
5698110468,Limatambo,"Squirrel, smith's bush",Male,Spaniard,Aquamarine
4405315310,Baytā al Fawqā,"Stork, openbill",Female,Cherokee,Crimson
7876934757,Huanggexi,"Starfish, crown of thorns",Female,Navajo,Turquoise
4618582057,Beaconsfield,Galapagos penguin,Male,Costa Rican,Maroon
2116489008,Mawang,Manatee,Female,Seminole,Crimson
3091491064,Izborsk,Cormorant (unidentified),Male,Bolivian,Purple
7950503165,Krajan Pangkah Kulon,Stick insect,Female,Black or African American,Green
8560255222,Licheng,Brush-tailed bettong,Female,Bolivian,Khaki
2980736287,Gia Ray,"Jackal, golden",Female,Polynesian,Indigo
0817849289,Yingyang,Uinta ground squirrel,Female,American Indian,Red
8004312322,Kungsör,Stick insect,Male,Salvadoran,Goldenrod
6243628159,Venda,"Owl, great horned",Female,Micronesian,Puce
3770905857,Nyköping,Giant otter,Male,Pima,Maroon
4264029597,Olocuilta,Gerbil (unidentified),Female,Yaqui,Blue
3770607627,Ketanggi,"Bandicoot, southern brown",Female,Chinese,Khaki
5253949445,Mutoko,Mouflon,Female,South American,Red
7141367241,Mafraq,"Armadillo, nine-banded",Female,Delaware,Indigo
1779518501,Lelkowo,"Eagle, golden",Female,Puerto Rican,Aquamarine
7527520469,Santiago,"Cockatoo, roseate",Male,Colombian,Maroon
6141400337,Montonggamang,"Beaver, european",Female,Japanese,Purple
6578024352,Xintang,"Tortoise, galapagos",Female,Black or African American,Green
1613282303,Tyoply Stan,Greater kudu,Female,Aleut,Fuscia
9643410471,Huanan,"Cat, european wild",Male,Korean,Goldenrod
1502817543,Nagqu,Jaguarundi,Male,Chippewa,Teal
1087579708,Mikhaylovsk,"Gecko, bent-toed",Female,Salvadoran,Violet
4068107017,Benito Juarez,North American river otter,Female,Comanche,Mauv
6305608105,Sala,Snowy sheathbill,Female,American Indian,Mauv
7402045285,Cahuacho,King vulture,Male,Tlingit-Haida,Goldenrod
5164252384,Bunga Mas,"Monkey, rhesus",Female,Guamanian,Crimson
0151736499,Chinhoyi,Bee-eater (unidentified),Male,Delaware,Turquoise
3305255358,Dartang,"Bird, bare-faced go away",Female,Ottawa,Green
0642257310,Bastos,"Marmot, yellow-bellied",Male,Yuman,Maroon
9464137223,El Progreso,"Squirrel, indian giant",Female,Bolivian,Green
9969037439,Puerto Rico,"Owl, great horned",Male,American Indian,Aquamarine
6678150430,Uritsk,"Hawk-eagle, crowned",Female,Yakama,Aquamarine
1192919572,Mogadishu,"Turaco, violet-crested",Male,Argentinian,Puce
8767687326,Victoria,Small-toothed palm civet,Male,Melanesian,Turquoise
7527890924,Akankpa,"Falcon, peregrine",Female,Pueblo,Mauv
1349277665,Majie,Blue wildebeest,Male,Salvadoran,Fuscia
0428226752,Blimbing,White-tailed deer,Female,Seminole,Yellow
3414744473,Ciyu,"Sheathbill, snowy",Female,Colombian,Turquoise
0194662446,Poděbrady,"Porcupine, crested",Male,Honduran,Aquamarine
8372916764,Santa María de Ipire,"Grouse, sage",Male,Central American,Puce
0971013284,Brzozów,Marine iguana,Female,Houma,Puce
9395135328,Vestmannaeyjar,"Legaan, water",Female,Iroquois,Fuscia
3331024961,Mufulira,"Bee-eater, white-fronted",Female,Laotian,Puce
6966430420,Embarcación,Common wombat,Male,Sri Lankan,Puce
5320227213,Qiziltepa Shahri,"Monitor, two-banded",Female,Yuman,Violet
4386352333,Itatiba,"Plover, three-banded",Female,Tohono O'Odham,Aquamarine
0025424289,Liangjing,"Bustard, denham's",Male,Colombian,Mauv
7888663648,Le Mans,South African hedgehog,Male,Korean,Pink
0936239506,Woja,"Cockatoo, sulfur-crested",Male,Osage,Turquoise
3410323759,Arroyito,Neotropic cormorant,Female,Bangladeshi,Purple
6764426600,Forshaga,Lesser mouse lemur,Male,Dominican (Dominican Republic),Blue
0719103975,Pogonsili,Gray langur,Female,Sri Lankan,Puce
9043510130,Hiratsuka,"Goose, cape barren",Male,Ute,Crimson
1593879261,Jinsha,Masked booby,Female,Malaysian,Orange
8928124727,Haquira,Square-lipped rhinoceros,Male,Nicaraguan,Orange
8872061555,Bayaguana,"Langur, hanuman",Male,Tohono O'Odham,Crimson
8177211579,Oumiao,Ring-necked pheasant,Female,Ottawa,Fuscia
0702689157,Chingas,"Duiker, common",Male,Tlingit-Haida,Pink
9319654786,Cuiabá,"Avocet, pied",Female,Ecuadorian,Puce
9500332965,Spassk-Dal’niy,"Kangaroo, brush-tailed rat",Male,Creek,Yellow
1084637618,Plasy,"Skua, great",Male,Thai,Yellow
2000153798,Gilowice,"Fox, arctic",Female,Yaqui,Orange
6627252821,Bi’r al ‘Abd,Black-throated butcher bird,Female,Creek,Pink
2762253292,Candelaria,"Crane, stanley",Male,Blackfeet,Red
7570913647,Jinka,Red-legged pademelon,Male,American Indian and Alaska Native (AIAN),Mauv
3415044858,Wangcungang,"Beaver, north american",Female,Filipino,Yellow
0957904460,Vigia,"Gull, southern black-backed",Male,Potawatomi,Fuscia
0946479348,Delanggu,Australian sea lion,Female,Honduran,Crimson
0323092713,Al Qurayn,"Antechinus, brown",Female,Asian,Yellow
5462463375,Chapayevka,Tree porcupine,Male,Sioux,Aquamarine
2463014717,Lillers,"Drongo, fork-tailed",Male,Costa Rican,Teal
5489271248,Saint-Avertin,European red squirrel,Female,Panamanian,Aquamarine
9205834548,Koumra,Western bearded dragon,Female,Nicaraguan,Blue
1189361736,Giade,Pied cormorant,Female,Uruguayan,Blue
5134018944,Syzran’,"Dove, rock",Female,Kiowa,Pink
6627240874,New York City,Campo flicker,Male,Tlingit-Haida,Mauv
8835666465,Skibbereen,"Phalarope, northern",Female,Seminole,Violet
4594550053,Saint-Rémy-de-Provence,"Shrike, common boubou",Female,American Indian,Blue
7482995838,Sanhui,Nine-banded armadillo,Male,Aleut,Goldenrod
1398497630,Soloma,"Hyena, striped",Male,Alaskan Athabascan,Pink
7966547604,Kuantan,Australian pelican,Male,Venezuelan,Pink
8821898148,Pamoyanan,"Sloth, two-toed",Female,Central American,Goldenrod
3093784921,Esquina,"Oystercatcher, blackish",Female,Tongan,Blue
6871594000,Sulahan,"Macaque, bonnet",Male,Tlingit-Haida,Orange
3491412781,Jieting,"Wallaroo, common",Male,Latin American Indian,Teal
6964837760,Tangjia,"Gazelle, grant's",Female,Black or African American,Turquoise
3281768059,Panyingkiran,"Rattlesnake, horned",Male,Cheyenne,Maroon
3002578371,Bojongsari,Black-capped chickadee,Female,Iroquois,Mauv
2083205820,Shigu,"Elephant, asian",Male,Filipino,Yellow
6006523191,Gerdu,Yellow-billed stork,Male,Blackfeet,Green
1355570522,Novocheboksarsk,"Shelduck, common",Male,Guatemalan,Teal
9137839616,Zhulan,White-throated kingfisher,Male,Chinese,Orange
4460821680,Capitán Sarmiento,"Civet, common palm",Female,Pakistani,Khaki
0016814630,Thị Trấn Kim Tân,"Crab, sally lightfoot",Male,Shoshone,Violet
0532974948,Semang,Yellow-billed stork,Female,Alaskan Athabascan,Violet
4935290412,Nogoonnuur,"Zorro, azara's",Male,Comanche,Green
0787422894,Mutsu,Fairy penguin,Female,Japanese,Teal
5404564253,Curepipe,Yellow-brown sungazer,Female,Hmong,Yellow
8389525364,Ixopo,Euro wallaby,Female,Native Hawaiian and Other Pacific Islander (NHPI),Mauv
1996731297,Rancho Nuevo,Glossy ibis,Female,Cuban,Fuscia
9306386141,Canguçu,"Echidna, short-beaked",Male,Dominican (Dominican Republic),Blue
6604961710,Torres,Tropical buckeye butterfly,Male,Honduran,Crimson
3221035438,Cullalabo del Sur,"Baboon, savanna",Male,Latin American Indian,Maroon
1870630262,Vigo,Emerald green tree boa,Female,Pueblo,Maroon
3818308497,Jiuchenggong,"Sungazer, yellow-brown",Male,Paiute,Crimson
7007266541,Tangdong,Yellow baboon,Male,Paraguayan,Yellow
0584512147,Kuznechnoye,Swallow-tail gull,Female,Aleut,Crimson
5469999858,Sabana Grande,Weeper capuchin,Male,Tohono O'Odham,Indigo
8110318029,Nueve de Julio,"Dragon, western bearded",Female,Navajo,Violet
6137607453,Hội An,"Mongoose, small indian",Female,Ecuadorian,Khaki
3272688951,Candelaria,"Lion, african",Male,Malaysian,Orange
7727247197,Tianyu,"Snake, buttermilk",Female,Nicaraguan,Red
8679383899,Arjona,"Seal, northern fur",Female,Yuman,Teal
3152242484,Himaya,"Cobra, egyptian",Male,Melanesian,Khaki
2045698408,San Ramón,"Owl, madagascar hawk",Female,Mexican,Khaki
3908451752,Xiwanzi,King vulture,Female,Cambodian,Indigo
1404677836,Eha Amufu,Great cormorant,Female,Indonesian,Blue
3736941811,Kota Kinabalu,American racer,Male,Samoan,Teal
3852042917,Sarzedo,Wild water buffalo,Female,Costa Rican,Pink
5357853460,Mao’er,"Pie, indian tree",Female,Central American,Aquamarine
2142303870,Tenja,Black-footed ferret,Male,American Indian and Alaska Native (AIAN),Khaki
7132682873,Liquica,Blue duck,Male,Tlingit-Haida,Puce
5184225420,Proletarskiy,"Mongoose, banded",Male,Chinese,Crimson
9030351632,Pining,"Raccoon, common",Male,Taiwanese,Goldenrod
7702812354,San Luis,"Sandgrouse, yellow-throated",Female,Central American,Green
3866593430,Freixo de Numão,Crab (unidentified),Male,Tlingit-Haida,Pink
1827536829,Cambebba,Rose-ringed parakeet,Female,Samoan,Blue
3112085310,Stochov,King cormorant,Male,Alaska Native,Goldenrod
7635123815,Bera,Galapagos dove,Female,Samoan,Green
2350624234,Fatumnasi,"Cat, long-tailed spotted",Female,Yakama,Teal
7580759551,Xiongzhang,Galapagos hawk,Female,Chamorro,Blue
3801367940,Chiţcani,"Lizard, frilled",Male,Puerto Rican,Puce
1435336046,Panenjoan,"Marmot, yellow-bellied",Female,Asian Indian,Khaki
4975632365,Beizhuang,European wild cat,Female,Chippewa,Pink
6406023404,Heishan,"Seal, northern elephant",Male,Dominican (Dominican Republic),Green
8740622517,Osby,"Capuchin, white-fronted",Male,Hmong,Teal
7267507468,Toride,Kaffir cat,Male,American Indian and Alaska Native (AIAN),Indigo
7341697709,Flandes,"Lion, african",Female,Pakistani,Mauv
6404687992,San Miguel,Water monitor,Male,Alaska Native,Puce
3838381807,Černelavci,African jacana,Female,Thai,Khaki
7303830146,Kalunan,"Gecko, ring-tailed",Male,Comanche,Puce
3863603087,Chocz,Sable antelope,Male,Honduran,Purple
0974229601,Vladislav,Komodo dragon,Female,Chickasaw,Maroon
3113529891,Xingfu,Desert kangaroo rat,Female,Houma,Orange
3359718550,Tualangcut,Eastern fox squirrel,Female,Houma,Teal
6893468253,Suncun,"Dragon, asian water",Male,Eskimo,Violet
5560443603,Tanjungpecinan Utara,Blue-footed booby,Male,Pakistani,Aquamarine
5532989877,Guisijan,"Tern, royal",Male,Micronesian,Yellow
2384900773,Banes,Kongoni,Male,Chippewa,Turquoise
5828155032,Aglalana,Oribi,Female,Costa Rican,Teal
6658964157,Bobon,Sage grouse,Male,Cree,Indigo
0713345373,Kallithéa,"Squirrel, thirteen-lined",Male,Seminole,Goldenrod
3353257829,Kanuma,"Booby, blue-footed",Female,Colombian,Blue
4683792796,Donglinxi,Ovenbird,Female,Panamanian,Fuscia
5829014831,Calingcuan,Green-winged macaw,Female,Eskimo,Khaki
3446625151,Kandangan,Smith's bush squirrel,Female,Melanesian,Khaki
0032410166,Chenôve,"Vulture, griffon",Female,Sri Lankan,Turquoise
0883830604,Hällefors,"Cat, toddy",Male,Puget Sound Salish,Pink
9336272144,Carolina,"Lion, mountain",Female,Bangladeshi,Turquoise
5338193922,Qarqīn,Blue peacock,Female,Native Hawaiian,Turquoise
5619481697,Bissorã,Southern black-backed gull,Male,Sioux,Goldenrod
1816288810,Krzynowłoga Mała,Feral rock pigeon,Male,Black or African American,Orange
5643857553,Ust’-Koksa,Secretary bird,Male,Navajo,Yellow
8492830182,Mawlamyinegyunn,American Virginia opossum,Female,Sioux,Goldenrod
7985987053,Yunshan,"Hornbill, leadbeateri's ground",Male,Apache,Green
3222445214,Szeged,Hippopotamus,Female,Apache,Blue
0744131545,Mosjøen,"Cobra, cape",Male,Comanche,Pink
1957902582,Manolo Fortich,Pocket gopher (unidentified),Female,Navajo,Maroon
0051555514,Lijia,"Marmot, yellow-bellied",Female,Chickasaw,Teal
9917735445,Daijiaba,"Rat, white-faced tree",Male,Delaware,Green
9389734266,Fukumitsu,"Gazelle, thomson's",Female,Lumbee,Goldenrod
8017564244,Ribeiro,Hyrax,Male,South American,Mauv
2514767377,Cloyne,Ringtail,Male,Spaniard,Fuscia
4640558880,Veles,Black rhinoceros,Female,Osage,Orange
5060251276,Staryy Merchyk,"Squirrel, arctic ground",Female,Potawatomi,Mauv
5686383898,Argelia,"Teal, hottentot",Female,Ottawa,Orange
7419804389,Edinburgh,Blue crane,Female,Tlingit-Haida,Fuscia
5198832464,Kotadukuh,White-faced tree rat,Male,Dominican (Dominican Republic),Teal
5852417688,Azilal,"Kangaroo, black-faced",Male,Samoan,Violet
0318686120,Longwy,Red-breasted nuthatch,Male,South American,Purple
3485500321,Klagen,"Baboon, chacma",Male,Panamanian,Khaki
4684361454,Kuala Terengganu,"Heron, gray",Female,Taiwanese,Pink
5972716097,Buang,"Whale, killer",Female,Venezuelan,Khaki
2495611869,Jianguo,"Macaque, bonnet",Female,Menominee,Puce
8963705404,Ma’an,"Lorikeet, scaly-breasted",Female,Shoshone,Mauv
5015420153,Lampa,"Egret, cattle",Male,Comanche,Violet
5524305417,Wendo,"Sparrow, house",Female,Ute,Turquoise
7385673392,Yaogou,"Coatimundi, ring-tailed",Male,Sioux,Teal
9188660389,Dusun Tengah Cihaurbeuti,"Antelope, four-horned",Male,Creek,Khaki
2643535448,Lewograran,"Whale, long-finned pilot",Female,Sioux,Crimson
0730330788,Shāhīn Shahr,"Stork, european",Female,Malaysian,Yellow
5012583124,Kislyakovskaya,Tayra,Female,Samoan,Puce
2293210448,Monte Redondo,"Gazelle, grant's",Male,Ecuadorian,Pink
0214595595,Veinticinco de Mayo,"Robin, white-throated",Male,Sioux,Red
0582416779,Secunda,Water monitor,Male,American Indian and Alaska Native (AIAN),Crimson
4340772364,Hvar,Large cormorant,Female,Chickasaw,Turquoise
0605389055,Tower,"Cat, tiger",Female,Samoan,Pink
6183994545,Kyŏngsŏng,"Fox, silver-backed",Male,Native Hawaiian,Yellow
6214099720,Mogoditshane,"Thrasher, curve-billed",Female,Cheyenne,Mauv
1065753411,Gävle,Bontebok,Female,Spaniard,Pink
4519422078,Aţ Ţurrah,Puna ibis,Female,Pueblo,Puce
2039085718,Vila do Maio,Brindled gnu,Male,Filipino,Violet
1849874263,Hebu,"Hoopoe, eurasian",Male,Cree,Fuscia
9750058712,La Sierpe,Bontebok,Female,Tlingit-Haida,Indigo
8440382804,Xianghu,"Phascogale, brush-tailed",Female,Colombian,Mauv
4529528634,Xiaoguai,Javan gold-spotted mongoose,Female,Cambodian,Aquamarine
4977595998,Bafang,"Crane, wattled",Male,Crow,Teal
1179410564,Nancheng,"Gazelle, grant's",Female,Osage,Teal
9732147598,Canghou,"Elk, Wapiti",Male,Yuman,Violet
4759682503,Tanalt,"Gazelle, grant's",Male,Asian,Mauv
8797389269,Tullyallen,"Monitor, white-throated",Female,Osage,Violet
5045852256,Longquan,"Quoll, eastern",Female,Taiwanese,Goldenrod
9458812909,Bhimbar,White-rumped vulture,Female,Dominican (Dominican Republic),Turquoise
4137243026,Suure-Jaani,Steenbok,Female,Seminole,Blue
7421648534,Timbiras,Yellow-bellied marmot,Male,Sioux,Pink
4273563231,Fanrong,White-tailed jackrabbit,Male,American Indian,Goldenrod
1500548480,Krasnogorodskoye,Red-winged hawk (unidentified),Female,Laotian,Turquoise
7215227367,San Francisco,Grey phalarope,Female,Native Hawaiian,Blue
3785571895,Almodôvar,"Penguin, little blue",Male,Indonesian,Orange
5813146717,Nemuro,"Snake, racer",Female,Ottawa,Violet
8051206029,Raposeira,Tiger snake,Female,Chilean,Crimson
6003844671,Pasian,"Squirrel, eurasian red",Female,Tongan,Orange
9344209448,Chongxing,Masked booby,Male,Nicaraguan,Khaki
9040255180,Zavety Il’icha,Oriental short-clawed otter,Female,Choctaw,Yellow
1728560748,Minusinsk,Eagle owl (unidentified),Male,Chilean,Goldenrod
5886665935,Hāfizābād,Green heron,Female,Cambodian,Pink
1176608967,Valka,Anaconda (unidentified),Female,Filipino,Puce
5366378532,Fenglin,Painted stork,Male,White,Mauv
3068225744,Boac,"Bustard, stanley",Female,Malaysian,Pink
4832408577,Margarita,"Porcupine, prehensile-tailed",Male,Black or African American,Blue
3635683078,Zhufo,"Genet, common",Female,Pueblo,Mauv
2831822629,Lucun,"Gull, pacific",Female,Cambodian,Mauv
5889968505,São João do Campo,"Jacana, african",Female,Honduran,Fuscia
5474104715,Wakuya,"Hawk, ferruginous",Male,Japanese,Purple
3022937970,Ino,"Hare, arctic",Female,Thai,Puce
9100936677,Évry,Gila monster,Male,Hmong,Blue
7922830823,Okcheon,"Antelope, four-horned",Male,Tohono O'Odham,Yellow
5373244767,Osório,Red-billed toucan,Male,Colville,Aquamarine
4754340205,Bamiantong,"Rhea, common",Female,Alaskan Athabascan,Turquoise
5912292460,Jisegumen,Prehensile-tailed porcupine,Female,Fijian,Teal
1421178389,Qal‘at al Andalus,"Bear, grizzly",Male,Puerto Rican,Orange
3727335815,Xiaxi,Andean goose,Male,Cambodian,Red
7088133806,Jinchang,Collared lizard,Male,Delaware,Maroon
1248254295,Qinghe,"Penguin, magellanic",Male,Central American,Khaki
8843237780,Bungoma,Ring-necked pheasant,Female,Yuman,Fuscia
5158512094,Vidago,"Tortoise, burmese brown mountain",Female,Bolivian,Fuscia
5226270267,Arsenal,Indian leopard,Male,Chinese,Green
7952468138,Tonkino,Ring dove,Male,Puerto Rican,Indigo
7194974835,Douarnenez,"Anteater, australian spiny",Male,Guatemalan,Teal
8315560158,Memphis,"Rattlesnake, dusky",Male,Hmong,Green
7251564645,Pulau Pinang,Gerbil (unidentified),Female,Menominee,Maroon
6467383516,Koktokay,Golden brush-tailed possum,Female,Colville,Maroon
1584930276,Kostrovo,Yellow baboon,Female,Chinese,Teal
9410525136,Gande,Palm squirrel,Male,Comanche,Blue
1712014536,Kisarazu,"Pie, indian tree",Male,Pakistani,Maroon
6930975192,Bagikkedok Lauk,"Pigeon, wood",Male,White,Orange
5168706398,Parakou,Rock dove,Male,Salvadoran,Maroon
2128169399,Santol,Spectacled caiman,Male,Navajo,Aquamarine
0178071463,Vostochnyy,Timber wolf,Male,Creek,Maroon
3877761127,Uvarovo,Dassie,Female,Indonesian,Turquoise
7176315868,Kuttu,Trumpeter swan,Male,Pima,Aquamarine
8211550504,Altunemil,Common rhea,Male,Aleut,Puce
7067037808,Enshi,Klipspringer,Male,Bangladeshi,Teal
1347898166,Opol,Two-banded monitor,Male,Korean,Teal
8767714056,Slobozia,Black-crowned night heron,Male,Malaysian,Puce
0189540036,Uripa,Black spider monkey,Male,American Indian,Purple
9400827873,Yeri,"Parakeet, rose-ringed",Male,Sioux,Mauv
2802514490,Fushë-Bulqizë,"Turtle, long-necked",Female,Eskimo,Pink
7649541843,Opatowiec,"Marten, american",Male,Alaska Native,Indigo
3441596757,Gandekan,"Fox, grey",Female,Blackfeet,Maroon
3192759852,Le Havre,Tree porcupine,Female,Asian,Turquoise
0044005733,Jieheshi,Gelada baboon,Female,White,Purple
5754374372,Kotabaru,Canada goose,Male,Indonesian,Turquoise
1675900221,Nāḩiyat Hīrān,Numbat,Female,Cheyenne,Puce
1900226634,Viso,"Dolphin, common",Male,Cree,Khaki
1056999497,Limeiras,"Sloth, pale-throated three-toed",Female,Crow,Purple
7936226435,Springfield,Red-billed hornbill,Female,Yuman,Orange
9198865323,Kaédi,Desert kangaroo rat,Male,Chamorro,Mauv
7071786593,Salon-de-Provence,"Skua, long-tailed",Female,Colombian,Mauv
0184506492,Lubomierz,Blacksmith plover,Female,Eskimo,Fuscia
0840329393,Ishim,"Peacock, indian",Female,Samoan,Indigo
8395521480,Long Beach,Laughing dove,Female,Thai,Blue
6439838822,Skála,Bahama pintail,Male,Yuman,Goldenrod
0178581054,San Isidro,Blue waxbill,Female,White,Crimson
5219033328,Järfälla,South American meadowlark (unidentified),Female,Native Hawaiian and Other Pacific Islander (NHPI),Khaki
5188811200,Río Pico,Golden brush-tailed possum,Male,Houma,Indigo
9259424240,Zhuyeping,Springbok,Male,Laotian,Green
3781574466,Masingbi,Raccoon dog,Male,Indonesian,Aquamarine
4144451054,Chongwen,"Booby, masked",Male,Sri Lankan,Yellow
7180301272,Gurupi,Brazilian tapir,Female,Crow,Goldenrod
9396010960,Soras,Dusky rattlesnake,Female,Bangladeshi,Teal
1381909841,Menuma,Cuis,Male,Osage,Orange
3892181217,Tulsīpur,Lesser masked weaver,Male,Chinese,Blue
5635087663,Qianshan,"Fox, cape",Male,Menominee,Orange
9102022494,Bojonglarang,"Zebra, common",Female,Chamorro,Mauv
6105651805,Palkino,Wood pigeon,Male,Laotian,Purple
7333979954,Lubbock,Aardwolf,Female,Cuban,Pink
1248806395,Borisovka,"Iguana, marine",Male,Shoshone,Indigo
9675135654,Avon,"Gnu, brindled",Female,Chamorro,Indigo
3270127324,Tukbur,Black-crowned crane,Male,Mexican,Crimson
7935088594,Antonio Toledo Corro,Kaffir cat,Female,Alaskan Athabascan,Pink
8714190192,Croix,"Bettong, brush-tailed",Male,Lumbee,Fuscia
7407308373,Beizheng,"Glider, sugar",Female,Choctaw,Red
5116023109,Xiaoweizhai,Common goldeneye,Female,Chinese,Turquoise
8538360914,Pemex,"Baboon, olive",Female,Lumbee,Mauv
0857813331,Xihanling,"Squirrel, eastern fox",Female,White,Maroon
5520181942,Ugac Sur,Civet (unidentified),Male,Polynesian,Khaki
7835502453,Bantarsari Kulon,"Starling, red-shouldered glossy",Female,Aleut,Yellow
0844037567,Baranoa,"Eland, common",Male,Nicaraguan,Mauv
4745557175,Kenitra,"Kiskadee, great",Female,Chinese,Yellow
0409476633,Longshan,Blue waxbill,Female,Hmong,Crimson
9718068708,Santa Maria,"Sunbird, lesser double-collared",Female,Chinese,Goldenrod
5162601462,Kirkop,"Deer, red",Female,Pakistani,Yellow
6789552987,Komorniki,"Cormorant, king",Female,Polynesian,Blue
7538428747,Ngenden,"Caracara, yellow-headed",Female,Colombian,Goldenrod
1840077905,Bungalaleng,"Egret, cattle",Male,Yuman,Puce
4279473129,Prnjavor,Little grebe,Female,Taiwanese,Maroon
5750750981,Novi Sad,"Duck, mountain",Female,Blackfeet,Purple
1567442617,Lagarto,Eurasian hoopoe,Male,Micronesian,Orange
5524401483,Jaunpiebalga,Desert kangaroo rat,Female,Guatemalan,Goldenrod
6544565997,Floirac,"Bird, secretary",Male,Colombian,Khaki
0347763162,Carletonville,"Crab, sally lightfoot",Female,Ecuadorian,Teal
6217758016,Tuymazy,Roseate cockatoo,Female,Native Hawaiian,Green
5195940940,Tawala,Salmon pink bird eater tarantula,Male,Puget Sound Salish,Pink
8190510088,Pamedilan,"Shrike, southern white-crowned",Female,Japanese,Green
8528471519,Baisha,"Partridge, coqui",Female,Chippewa,Goldenrod
0752529684,Luofang,Small-clawed otter,Male,Native Hawaiian and Other Pacific Islander (NHPI),Orange
3376067031,Strzelce Krajeńskie,"Dove, rock",Male,White,Turquoise
2979609285,Reykjanesbær,Grey fox,Female,Ottawa,Turquoise
9151247089,Biên Hòa,Three-banded plover,Female,Asian Indian,Pink
5182022328,Praia de Mira,Dassie,Male,Chickasaw,Orange
3850967387,18 de Marzo,"Corella, long-billed",Female,Cree,Red
4371193587,Zhexiao,Waved albatross,Male,White,Fuscia
4371367526,Tianta,"Cat, ringtail",Male,Colombian,Turquoise
1802764445,Gudang,Black swan,Male,Cuban,Indigo
3109818566,Carrasqueira,Comb duck,Female,Crow,Mauv
9751873339,Vom,Black-collared barbet,Female,Alaska Native,Violet
1263431410,Vesele,Fork-tailed drongo,Male,Vietnamese,Orange
3457367337,Verin Artashat,"Squirrel, smith's bush",Male,Colombian,Aquamarine
4896488431,Sasayama,White-fronted bee-eater,Male,Polynesian,Goldenrod
6993802155,Stará Huť,Mourning collared dove,Female,Micronesian,Maroon
0854366571,Medalem,Flightless cormorant,Male,Japanese,Purple
0745597491,San Juan,"Finch, common melba",Female,Shoshone,Fuscia
1842907700,Bailai,"Rhinoceros, square-lipped",Female,Samoan,Pink
4894225271,Changxi,White-fronted bee-eater,Male,Pakistani,Aquamarine
1032783052,Shiki,"Lemur, grey mouse",Female,Argentinian,Maroon
4632179167,Huainan,Carpet snake,Male,Puget Sound Salish,Khaki
7743521451,Nova Odesa,Asiatic wild ass,Female,Menominee,Turquoise
6200854912,Baorixile,"Wallaby, bennett's",Male,Cheyenne,Crimson
8162880119,Cujillo,"Cat, jungle",Male,Taiwanese,Teal
8732704100,Benito Juarez,Long-necked turtle,Male,American Indian and Alaska Native (AIAN),Maroon
0891628509,Qa‘ţabah,Red phalarope,Female,Pueblo,Aquamarine
8373700137,Bobrowice,Neotropic cormorant,Female,Venezuelan,Violet
9319171092,Orange,Red-billed buffalo weaver,Male,Yaqui,Puce
7887216729,Qo‘qon,"Monitor, two-banded",Male,Yaqui,Yellow
9529669712,Sirib,Dromedary camel,Male,South American,Aquamarine
8850734697,Umbultanjung,"Grouse, sage",Female,Micronesian,Crimson
6713395082,Chrastava,"Toucan, white-throated",Female,Latin American Indian,Khaki
3345245000,Loma Alta,"Teal, hottentot",Male,Pakistani,Teal
5002872077,Dzüünbulag,"Screamer, crested",Female,Cambodian,Orange
3882067454,Świdnica,Ornate rock dragon,Male,Chilean,Blue
1227641087,Torslanda,"Wombat, common",Female,Chippewa,Khaki
6642080297,Algeciras,American bighorn sheep,Male,Cheyenne,Crimson
5940788750,Podebłocie,"Bee-eater, carmine",Female,Crow,Fuscia
8225434420,Krajan Karangwage,"Anteater, australian spiny",Female,Melanesian,Purple
4333177219,Neglasari,"Dolphin, striped",Male,Bolivian,Red
4319233964,Aozai,"Hartebeest, coke's",Female,Tohono O'Odham,Khaki
1957632925,Cipunglu,Green-backed heron,Male,Guamanian,Pink
5417051381,Hyltebruk,Red kangaroo,Female,Guamanian,Blue
6021113780,Peixing,Yellow-headed caracara,Female,Latin American Indian,Teal
7461177427,Komga,Laughing kookaburra,Female,South American,Puce
4839950334,Buzet,Kinkajou,Female,Sioux,Goldenrod
8793817908,Marapat,"Hyena, striped",Male,Guatemalan,Puce
4358641695,Dvorichna,Eagle owl (unidentified),Female,Kiowa,Turquoise
1588600971,Montauban,"Mongoose, banded",Male,Pima,Puce
5779969604,Pai do Vento,"Capuchin, white-fronted",Male,White,Red
4014903796,Sinop,"Fox, bat-eared",Female,Venezuelan,Fuscia
6364346618,Geneng,Tiger snake,Male,Tohono O'Odham,Goldenrod
1563982188,Dzüünbulag,Paradoxure,Male,American Indian,Goldenrod
6897283932,Aconibe,Goliath heron,Female,Alaska Native,Crimson
0252014723,Gurupi,Puna ibis,Male,Venezuelan,Pink
9446106273,Hezhi,"White-eye, pale",Female,Guamanian,Mauv
3580753851,Jiangkou,"Cormorant, javanese",Female,Alaskan Athabascan,Purple
9682345928,Ōkuchi,Yellow-billed stork,Male,Asian,Blue
3964619353,Kombissiri,Eastern fox squirrel,Male,Tlingit-Haida,Khaki
6318796207,Tariji,"Dove, little brown",Female,Pakistani,Green
4481607254,Vilca,"Vulture, turkey",Female,Guatemalan,Yellow
9660860226,Huineno,"Teal, hottentot",Female,Native Hawaiian,Maroon
4962453556,Saharna,"Skua, long-tailed",Male,Yaqui,Aquamarine
9075271255,Sujiazhuang,Asiatic wild ass,Male,Yuman,Teal
6123230808,Rivne,Scottish highland cow,Male,Pima,Purple
9657217989,Taunggyi,"Waterbuck, common",Male,Alaska Native,Turquoise
7455869177,Zhendong,Indian peacock,Female,Melanesian,Turquoise
5800599378,Dagu,American woodcock,Male,Creek,Turquoise
3554921114,Düsseldorf,Yellow-billed stork,Female,Guatemalan,Maroon
4981347545,Lupo,"Eagle, tawny",Male,Tongan,Crimson
0265319803,Piškorevci,"Vulture, turkey",Female,Ottawa,Aquamarine
8382742521,Presnenskiy,Spotted deer,Female,Pueblo,Teal
0696937778,Macau,"Bird, bare-faced go away",Female,Korean,Goldenrod
8335128685,Ḩawf,"Heron, green-backed",Male,Bangladeshi,Violet
9392802056,Saint-Lô,Indian tree pie,Female,Tohono O'Odham,Goldenrod
9834580681,Palangan,"Gecko, ring-tailed",Male,Comanche,Aquamarine
6730378026,Kedungsinggil,Stanley crane,Female,Filipino,Indigo
8286460103,San Antonio,Leadbeateri's ground hornbill,Female,Kiowa,Teal
8506543843,Kadupayung,White-throated robin,Male,Malaysian,Fuscia
1750453398,Quartier Militaire,"Tortoise, burmese black mountain",Female,Hmong,Turquoise
6047647030,Bích Động,"Tortoise, galapagos",Male,Native Hawaiian and Other Pacific Islander (NHPI),Pink
1239500734,Berezovo,"Insect, stick",Female,Panamanian,Turquoise
1506785514,Ipoh,"Cockatoo, roseate",Female,Potawatomi,Pink
8361954627,Karelichy,Paca,Male,Native Hawaiian,Red
9611949103,El Refugio,Small-toothed palm civet,Female,Bolivian,Teal
1530254841,Nuamuzi,Wood pigeon,Male,Filipino,Teal
2498108459,Kiel,"Raven, cape",Male,Panamanian,Goldenrod
9401827648,Ké-Macina,"Cat, ringtail",Female,Yakama,Fuscia
3218195195,Kulutan,"Hyena, spotted",Male,Spaniard,Fuscia
4653424047,Mabilog,"Macaw, blue and gold",Female,Chinese,Orange
4516253941,Sasa,Cougar,Male,Thai,Violet
0802322433,Aix-en-Provence,Trumpeter swan,Female,Panamanian,Teal
4127784008,Morawica,Toddy cat,Male,Venezuelan,Mauv
0900648732,Angasmarca,"Whale, long-finned pilot",Male,Iroquois,Blue
2327840899,Dartang,"Tortoise, burmese brown mountain",Male,Samoan,Yellow
6852745066,Yasothon,"Otter, north american river",Female,Argentinian,Yellow
1751986020,Komsomol’skiy,Red-billed toucan,Female,Cheyenne,Indigo
3924324069,Lexington,Black-backed jackal,Female,Guamanian,Maroon
7573362609,San Julian,Springbuck,Male,Vietnamese,Green
6539951582,Saint-Quentin-en-Yvelines,"Hyena, brown",Male,Honduran,Violet
9717202230,Krosno,"Sloth, hoffman's",Female,Tongan,Blue
6895412840,Stockholm,"Alligator, american",Male,Delaware,Goldenrod
9031898554,Daytona Beach,Black and white colobus,Male,Vietnamese,Puce
3807447768,Thành Phố Uông Bí,"Snake, buttermilk",Male,Sioux,Turquoise
1518109217,Nyachera,"Chipmunk, least",Male,Pakistani,Puce
7202649152,Quartier Militaire,King cormorant,Female,Peruvian,Violet
2015698035,Kalahang,Currasow (unidentified),Male,Nicaraguan,Maroon
5485230261,Girihieum,"Gull, herring",Female,Guatemalan,Fuscia
0439640024,Changling,Seven-banded armadillo,Male,Sioux,Maroon
8055225192,Dong’ao,Kinkajou,Female,Pakistani,Puce
5680074060,Diavatá,Secretary bird,Female,Colombian,Indigo
8392408918,Uitiuhtuan,"Cormorant, great",Female,Menominee,Mauv
6023713440,Kuala Terengganu,"Toucan, red-billed",Male,Shoshone,Green
6475656135,Taldyqorghan,Killer whale,Male,Chilean,Yellow
5458335112,Aghada,Rufous-collared sparrow,Male,Argentinian,Yellow
8716135563,Pirca,"Dragon, western bearded",Male,Thai,Maroon
1800347553,Bremerhaven,"Anteater, giant",Male,Kiowa,Yellow
8160614055,San Jose,Gambel's quail,Female,Venezuelan,Turquoise
7882827088,Mpophomeni,Yellow mongoose,Male,Iroquois,Crimson
3360325257,Oštarije,Brown antechinus,Male,Chamorro,Turquoise
1729410359,Sandao,"Egret, snowy",Female,Thai,Blue
0542783142,Sokal’,African jacana,Male,Chilean,Mauv
8080529949,Novaya Usman’,"Sandpiper, spotted wood",Female,Micronesian,Blue
9491270079,Lanas,"Sandgrouse, yellow-throated",Female,White,Maroon
6874354620,Smečno,Indian star tortoise,Female,Chickasaw,Yellow
8941038359,Reguenga,Superb starling,Male,Cambodian,Crimson
7661364700,Łubowo,"Bandicoot, long-nosed",Female,Samoan,Mauv
0767674456,Ulapes,Mexican wolf,Female,Bangladeshi,Pink
2440694479,Hotaka,"Wagtail, african pied",Male,Yaqui,Blue
1725088029,Ansan-si,Striated heron,Female,Filipino,Pink
7763404221,Rueil-Malmaison,Coke's hartebeest,Male,Alaskan Athabascan,Purple
4824012368,La Guadalupe,"Lion, steller sea",Female,Chamorro,Khaki
3817212968,Mainz,"Oryx, beisa",Male,Potawatomi,Aquamarine
7093423736,Cullalabo del Sur,"Shrew, mandras tree",Female,Polynesian,Khaki
8431272716,Limoeiro do Ajuru,Carpet snake,Male,Tongan,Crimson
0629972842,Veltruby,Golden brush-tailed possum,Male,Cuban,Pink
1651230412,Nidek,"Ibis, sacred",Female,Delaware,Goldenrod
2186814862,Amapala,Seven-banded armadillo,Male,Sioux,Fuscia
2979146315,Bojongsarung,Barasingha deer,Female,Laotian,Pink
4217807481,Fengshan,Pronghorn,Male,Seminole,Yellow
8680427977,San Nicolas,Pied avocet,Female,Micronesian,Khaki
6793637479,Cajicá,Fork-tailed drongo,Female,Navajo,Puce
9371180110,Barranco de Loba,White-throated toucan,Female,Puerto Rican,Teal
2875943596,At Tall al Kabīr,Lesser masked weaver,Female,Paiute,Violet
9935583007,Mariestad,"Flamingo, chilean",Male,Japanese,Teal
9819321085,Santo Niño,Brazilian tapir,Female,South American,Goldenrod
2445042542,Jieshou,"Weaver, sociable",Female,Melanesian,Mauv
6885237566,Przasnysz,Leopard,Male,Puerto Rican,Puce
5428147881,Kantyshevo,"Seal, common",Male,Yaqui,Purple
9479438410,Emalgolin Mongolzuxiang,Waved albatross,Female,Bolivian,Puce
6032696960,Palapye,"Falcon, peregrine",Male,Cambodian,Purple
3570773213,Kabasalan,Black and white colobus,Female,Chickasaw,Puce
5735183737,Peñarrubia,"Bushbaby, large-eared",Male,Lumbee,Puce
7214373505,Stamford,"Camel, dromedary",Male,Panamanian,Orange
0638369312,Chengzhong,Tiger cat,Male,Houma,Aquamarine
9108830312,Slunj,"Raven, cape",Male,Melanesian,Violet
6565038368,Huangmao,Pied cormorant,Female,Colombian,Turquoise
1537751638,Žďár,Javanese cormorant,Female,Osage,Yellow
9529917031,Karlskoga,Nubian bee-eater,Female,Polynesian,Aquamarine
3988517321,Bassar,"Goldeneye, common",Male,Shoshone,Aquamarine
7456236240,Barraute,"Admiral, indian red",Female,Blackfeet,Aquamarine
1223069257,Yangsha,Arctic hare,Female,Dominican (Dominican Republic),Teal
3800805642,Malawag,Four-horned antelope,Female,Chilean,Violet
7009205655,Villa Paula de Sarmiento,"Bird, bare-faced go away",Male,Asian,Crimson
8659795326,Sitajara,"Siskin, pine",Male,Menominee,Green
1241265887,Karangturi,Red sheep,Female,Indonesian,Aquamarine
0747583730,Blumenau,Currasow (unidentified),Male,Delaware,Turquoise
5277135448,Sumberbatas,"Duiker, common",Female,Laotian,Aquamarine
1494997002,Katabu,Crested screamer,Male,Pueblo,Yellow
2619791235,Busuanga,"Eagle, african fish",Male,Nicaraguan,Crimson
8598291285,Puntarenas,Grizzly bear,Female,Cuban,Turquoise
8900897349,Letovice,Little blue penguin,Female,Ute,Indigo
1173693939,Canga’an,"Mouse, four-striped grass",Male,Colville,Mauv
6849252690,La Palma,"Egret, snowy",Female,Panamanian,Khaki
6515686250,Oullins,South African hedgehog,Female,Osage,Yellow
5144920578,Bull Savanna,Cheetah,Male,Honduran,Puce
0545746248,Lameiras,Nelson ground squirrel,Female,Cambodian,Orange
4772444025,Pamiers,"Phalarope, grey",Male,Filipino,Purple
3424384240,Lajkovac,"Gull, southern black-backed",Male,Puerto Rican,Pink
9800585672,Cibatuireng,"Gazer, sun",Female,Bolivian,Khaki
8006550581,Dongtuan,Grison,Male,Bangladeshi,Khaki
2775105149,Kasugai,"Flamingo, roseat",Female,Delaware,Violet
7840987087,Mengxi,"Armadillo, seven-banded",Female,Pima,Indigo
4740924587,Zwolle,Wild boar,Female,Peruvian,Red
5977421338,Esperanza,"Heron, green-backed",Male,Dominican (Dominican Republic),Pink
6952968423,Zbąszynek,"Waxbill, black-cheeked",Female,Cree,Fuscia
0297936530,Iwierzyce,Cape white-eye,Male,Honduran,Puce
8544387071,Puerto Berrío,Sun gazer,Male,Yakama,Orange
5545585303,Zhayang,"Meerkat, red",Male,Shoshone,Green
8314216690,Votorantim,Water monitor,Male,Cambodian,Crimson
1704071690,Limoncito,"Egret, great",Female,Cuban,Puce
8806045415,Yongping,Brown brocket,Female,Sri Lankan,Fuscia
7169910748,Kwolla,"Hornbill, red-billed",Male,Paraguayan,Teal
3053452952,Apoya,Bontebok,Female,Eskimo,Yellow
1575891581,Malumfashi,"Penguin, galapagos",Male,Seminole,Pink
4978737680,Ampasimanolotra,"Macaque, rhesus",Female,Cherokee,Aquamarine
7710290558,Qarchī Gak,"Seal, harbor",Female,Alaska Native,Yellow
1124404333,Frederiksberg,Mississippi alligator,Male,Blackfeet,Green
7642155344,Buenos Aires,Richardson's ground squirrel,Female,Cuban,Crimson
4916319222,Nunmanu,Pale-throated three-toed sloth,Female,Taiwanese,Violet
0528945629,Mossendjo,"Dog, african wild",Male,Menominee,Khaki
3930784866,Matou,"Mongoose, small indian",Female,Tohono O'Odham,Yellow
2509131605,Hong’an,Galapagos sea lion,Male,Paiute,Purple
2214571523,Hualmay,Woylie,Male,Cherokee,Turquoise
9736345815,Thanatpin,Ovenbird,Female,Potawatomi,Pink
2467141500,Pruzhany,Meerkat,Male,Tongan,Aquamarine
5407615169,Jiaze,Long-tailed jaeger,Female,Taiwanese,Orange
9663433795,Taverny,"Lizard, collared",Female,Ottawa,Khaki
7848821528,Lirung,"Lion, california sea",Female,Alaskan Athabascan,Red
7834583034,Jhingergācha,Worm snake (unidentified),Female,Choctaw,Purple
2634135955,Sājir,Asian water buffalo,Male,Thai,Red
1325122637,Dzüünbulag,Thomson's gazelle,Female,Chinese,Fuscia
0628903979,Sredno Konjare,"Crane, sandhill",Male,Korean,Violet
3566731765,Ol Kalou,Huron,Female,Aleut,Goldenrod
2482446864,Kičevo,Thomson's gazelle,Female,Ecuadorian,Green
7587389326,Brloh,Eurasian hoopoe,Female,Tohono O'Odham,Mauv
2224934653,Souto da Casa,Puku,Male,Chilean,Green
7338318506,Maiwang,Cape wild cat,Male,Iroquois,Turquoise
8168383834,Mori,"Antelope, roan",Male,Cheyenne,Green
5500884808,Tyrawa Wołoska,"Bat, madagascar fruit",Male,Mexican,Crimson
8877509481,Villejuif,"Hawk-eagle, crowned",Male,Sri Lankan,Khaki
4487222826,Baihua,Pied butcher bird,Male,Kiowa,Goldenrod
3556469782,Conner,Crested screamer,Female,Pakistani,Goldenrod
4767954703,Pimenta Bueno,"Wolf, common",Male,Polynesian,Goldenrod
7137758002,Kunda,Dromedary camel,Male,South American,Blue
8569871198,Saint-Denis,Ocelot,Female,Chippewa,Turquoise
5880220192,Duitama,Carpet snake,Female,Yaqui,Teal
6142480717,São Sepé,Openbill stork,Male,Cherokee,Crimson
7868287268,Chixi,Fisher,Male,Hmong,Pink
9491278606,Diriá,Spectacled caiman,Female,Chamorro,Purple
3707466922,Vahdat,Spotted wood sandpiper,Female,Ottawa,Mauv
9394428364,Xinye,Javanese cormorant,Female,Tohono O'Odham,Violet
5644138844,Akhtarīn,Green-winged macaw,Male,Native Hawaiian,Maroon
6335966808,Thomastown,Javan gold-spotted mongoose,Female,Seminole,Purple
7787439610,Hamburg,Blue duck,Male,Paiute,Green
4873523214,Huelkail,Woolly-necked stork,Male,White,Orange
7836793796,Maintirano,"Grenadier, purple",Female,Potawatomi,Crimson
6945068706,Lenningen,"Skunk, western spotted",Female,Paraguayan,Red
0019959044,Yiyang,"Puffin, horned",Female,Colville,Blue
5116019950,Stara Kiszewa,Blue fox,Male,Sioux,Maroon
6103120128,Garbów,"Rhinoceros, black",Female,Ecuadorian,Green
8745196214,Buenlag,Weeper capuchin,Female,Paiute,Pink
6573377265,Sai,"Waterbuck, common",Male,Puerto Rican,Purple
9422993067,Zaoshi,Moose,Male,Spaniard,Turquoise
4674990114,Tuanjie,"Beaver, eurasian",Female,Taiwanese,Yellow
4922395512,Bongandanga,Curve-billed thrasher,Male,Costa Rican,Yellow
4692925442,Kampong Speu,Banded mongoose,Female,Argentinian,Red
7518014955,Det Udom,"Sheep, red",Male,Lumbee,Aquamarine
2306429219,Boquira,"Shelduck, common",Male,Bolivian,Violet
0239714903,Shancheng,Sportive lemur,Male,Alaskan Athabascan,Puce
8439327021,La Paz,"Alligator, mississippi",Female,Crow,Crimson
7663135997,Zhouyuan,Eastern dwarf mongoose,Male,Bolivian,Khaki
5006506679,Agía Triáda,Black-throated butcher bird,Male,Cree,Indigo
7580607565,Mijiang,Pied butcher bird,Female,Asian Indian,Blue
4454208476,Lishui,"Macaw, red and blue",Female,Taiwanese,Khaki
1774351927,Orocué,"Falcon, prairie",Male,Honduran,Indigo
3396951174,Ariana,Yellow-bellied marmot,Female,Apache,Fuscia
2934372197,Grand Bank,"Crab, sally lightfoot",Male,Guamanian,Purple
2966424877,Brusartsi,"Sandgrouse, yellow-throated",Female,Pueblo,Aquamarine
2491251566,Oklahoma City,"Armadillo, seven-banded",Female,Puget Sound Salish,Khaki
1714381625,Zwierzyń,Bleeding heart monkey,Male,Laotian,Maroon
7428614295,Elefsína,Blue peacock,Female,Thai,Goldenrod
8879472488,Sanbao,Brown and yellow marshbird,Female,Indonesian,Mauv
4907280203,Lucheng,Raccoon dog,Male,Puget Sound Salish,Green
8304006286,Lazo,Red-tailed wambenger,Male,Pakistani,Crimson
9517173539,Berlin,Crowned hawk-eagle,Female,Delaware,Violet
7926910767,Wucun,Brush-tailed phascogale,Female,Cherokee,Indigo
2127485955,Sungaikakap,"Cockatoo, long-billed",Female,Asian Indian,Teal
5303210022,Lianhua,"Quoll, spotted-tailed",Female,Cree,Aquamarine
3630523757,Bebedahan,"Corella, long-billed",Male,Colville,Indigo
6518572922,Sui’an,Red-tailed hawk,Female,Delaware,Violet
8837639120,Nagornyy,Tree porcupine,Female,Shoshone,Maroon
8304326736,Akriní,American badger,Female,Samoan,Crimson
9596822632,Nato,"Bird, black-throated butcher",Male,Argentinian,Aquamarine
9061431271,Kebon,"Hen, sage",Female,Argentinian,Blue
3785455178,São Mateus do Maranhão,American Virginia opossum,Male,Osage,Green
4077983916,Buenlag,Egyptian cobra,Male,Colville,Orange
6187031881,La Loma,Blue crane,Female,Chilean,Mauv
8543394678,Baih,Cape fox,Female,Shoshone,Fuscia
2906290041,Molochnoye,Brush-tailed rat kangaroo,Male,Chilean,Purple
0421125683,Mawlamyinegyunn,Lizard (unidentified),Male,Yuman,Purple
0404924506,Diawara,Common zorro,Male,Shoshone,Violet
5344662572,Maying,Caribou,Female,Tohono O'Odham,Blue
6456274001,Bergen,"Booby, blue-footed",Male,Yuman,Teal
4975566486,Sukacai,Red-breasted cockatoo,Female,Thai,Red
5115216108,Cancela,"Penguin, fairy",Female,Peruvian,Violet
7930997960,Ampasimanolotra,Fat-tailed dunnart,Female,Puerto Rican,Khaki
6198902234,Erjia,White-winged black tern,Male,Asian,Maroon
1303513374,Breia,Glossy starling (unidentified),Male,Puerto Rican,Indigo
6393278927,Marseille,"Cat, long-tailed spotted",Male,Chilean,Mauv
2180698380,A Yun Pa,Red hartebeest,Male,Chilean,Violet
1543715508,Zhabagly,Hummingbird (unidentified),Male,Paiute,Yellow
0343204142,Sísion,"Lizard, collared",Male,Indonesian,Indigo
1646131525,Nanmu,Scarlet macaw,Male,Sri Lankan,Yellow
1392988632,Mojokerto,"Bear, sloth",Female,Cheyenne,Indigo
1353182215,Turka,"Bison, american",Female,Venezuelan,Pink
6404067269,Librazhd,Giant heron,Male,Chippewa,Crimson
0276873092,Camilaca,Malabar squirrel,Female,Indonesian,Blue
0314435964,Mengzhai,"Trumpeter, green-winged",Female,Potawatomi,Violet
8824913857,Balas,Huron,Female,Navajo,Fuscia
5149703087,Changqiao,African porcupine,Male,Chippewa,Teal
9608349532,Quốc Oai,Asian openbill,Male,Menominee,Red
4250558355,Piru,Cottonmouth,Male,Honduran,Red
1322272646,Pakham,"Turkey, australian brush",Male,Paraguayan,Turquoise
